source,target,weight
데몬,케이팝,6
애니메이션,케이팝,4
케이팝,헌터스,4
데몬,헌터스,4
데몬,애니메이션,4
애니메이션,헌터스,3
넷플릭스,데몬,3
넷플릭스,애니메이션,3
넷플릭스,케이팝,3
데헌,스케,2
영화,케이팝,2
이하,헌터스,2
이하,케이팝,2
데몬,케데헌는,2
데몬,이하,2
영화,헌터스,2
데몬,데헌,2
애니메이션,영화,2
스케,헌터,2
데몬,스케,2
데몬,영화,2
넷플릭스,헌터스,2
넷플릭스,영화,2
데몬,헌터,2
케데헌는,헌터스,2
케데헌는,케이팝,2
데헌,케이팝,2
스케,케이팝,2
데헌,헌터,2
케이팝,헌터,2
그대로,애니메이션,1
시기,애니메이션,1
케이팝,테일러,1
시기,오어,1
시기,예스,1
테일러,헌터,1
데몬,마음,1
서사,헌터스,1
시기,케데헌는,1
서사,트와이스,1
데몬,세계,1
서사,케이팝,1
서사,케데헌는,1
데헌,마음,1
서사,오어,1
추격,헌터,1
추격,테일러,1
그대로,예스,1
지구,케이팝,1
예스,케데헌는,1
주제곡,헌터,1
예스,오어,1
지구,추격,1
애니메이션,트와이스,1
애니메이션,케데헌는,1
애니메이션,오어,1
시기,케이팝,1
지구,테일러,1
애니메이션,예스,1
시기,헌터스,1
지구,헌터,1
시기,트와이스,1
추격,케이팝,1
데헌,세계,1
서사,예스,1
서사,애니메이션,1
그대로,서머,1
데몬,오어,1
데몬,예스,1
데몬,시기,1
데몬,서사,1
데몬,서머,1
그대로,데몬,1
그대로,헌터스,1
서사,시기,1
그대로,트와이스,1
그대로,서사,1
그대로,케이팝,1
그대로,시기,1
그대로,케데헌는,1
그대로,오어,1
세계,헌터,1
데몬,트와이스,1
세계,케이팝,1
서머,서사,1
예스,케이팝,1
서머,애니메이션,1
서머,예스,1
서머,오어,1
세계,스케,1
마음,헌터,1
서머,케데헌는,1
서머,케이팝,1
서머,트와이스,1
서머,헌터스,1
마음,케이팝,1
마음,스케,1
마음,세계,1
서머,시기,1
결합,골든,1
예스,트와이스,1
헌터스,흥행,1
강력,케이팝,1
강력,케데헌는,1
강력,이하,1
강력,음악,1
강력,산업,1
강력,물리,1
강력,데몬,1
케이팝,흥행,1
이하,케데헌,1
케데헌,흥행,1
케데헌,헌터스,1
케데헌,케이팝,1
최고,흥행,1
최고,헌터스,1
최고,케이팝,1
최고,케데헌,1
강력,헌터스,1
데몬,물리,1
데몬,산업,1
데몬,음악,1
음악,헌터스,1
음악,케이팝,1
음악,케데헌는,1
음악,이하,1
산업,헌터스,1
산업,케이팝,1
산업,케데헌는,1
산업,이하,1
산업,음악,1
물리,헌터스,1
물리,케이팝,1
물리,케데헌는,1
물리,이하,1
물리,음악,1
물리,산업,1
이하,흥행,1
이하,최고,1
예스,헌터스,1
넷플릭스,상상,1
상상,케이팝,1
상상,영화,1
상상,역사,1
상상,애니메이션,1
데몬,역사,1
데몬,상상,1
넷플릭스,역사,1
트와이스,헌터스,1
영화,흥행,1
케이팝,트와이스,1
주제곡,케이팝,1
케데헌는,트와이스,1
오어,헌터스,1
오어,트와이스,1
오어,케이팝,1
오어,케데헌는,1
상상,헌터스,1
애니메이션,역사,1
역사,영화,1
역사,케이팝,1
영화,케데헌,1
영화,최고,1
영화,이하,1
애니메이션,흥행,1
애니메이션,케데헌,1
애니메이션,최고,1
애니메이션,이하,1
데몬,흥행,1
데몬,케데헌,1
데몬,최고,1
넷플릭스,흥행,1
넷플릭스,케데헌,1
넷플릭스,최고,1
넷플릭스,이하,1
역사,헌터스,1
주제곡,테일러,1
전통,지구,1
주제곡,추격,1
곳곳,무속,1
넷플릭스,역시,1
넷플릭스,스케,1
넷플릭스,스위프트,1
넷플릭스,무속,1
넷플릭스,린지,1
넷플릭스,데헌,1
곳곳,헌터,1
곳곳,테일러,1
곳곳,케이팝,1
곳곳,추격,1
곳곳,지구,1
곳곳,주제곡,1
곳곳,전통,1
곳곳,우리나라,1
곳곳,역시,1
곳곳,애니메이션,1
곳곳,스케,1
넷플릭스,우리나라,1
넷플릭스,전통,1
넷플릭스,주제곡,1
데몬,전통,1
데헌,스위프트,1
데헌,무속,1
데헌,린지,1
데몬,테일러,1
데몬,추격,1
데몬,지구,1
데몬,주제곡,1
데몬,우리나라,1
넷플릭스,지구,1
데몬,역시,1
데몬,스위프트,1
데몬,무속,1
데몬,린지,1
넷플릭스,헌터,1
넷플릭스,테일러,1
넷플릭스,추격,1
곳곳,스위프트,1
곳곳,린지,1
주제곡,지구,1
곳곳,데헌,1
결합,헌터,1
결합,테일러,1
결합,케이팝,1
결합,추격,1
결합,지구,1
결합,주제곡,1
결합,전통,1
결합,우리나라,1
결합,역시,1
결합,애니메이션,1
결합,스케,1
결합,스위프트,1
결합,무속,1
결합,린지,1
결합,데헌,1
결합,데몬,1
결합,넷플릭스,1
골든,곳곳,1
골든,넷플릭스,1
골든,데몬,1
골든,주제곡,1
곳곳,데몬,1
곳곳,넷플릭스,1
골든,헌터,1
골든,테일러,1
골든,케이팝,1
골든,추격,1
골든,지구,1
골든,전통,1
골든,데헌,1
골든,우리나라,1
골든,역시,1
골든,애니메이션,1
골든,스케,1
골든,스위프트,1
골든,무속,1
골든,린지,1
데헌,애니메이션,1
데헌,역시,1
데헌,우리나라,1
데헌,전통,1
역시,우리나라,1
애니메이션,헌터,1
애니메이션,테일러,1
애니메이션,추격,1
애니메이션,지구,1
애니메이션,주제곡,1
애니메이션,전통,1
애니메이션,우리나라,1
애니메이션,역시,1
스케,테일러,1
스케,추격,1
스케,지구,1
스케,주제곡,1
스케,전통,1
스케,우리나라,1
스케,역시,1
스케,애니메이션,1
역시,전통,1
역시,주제곡,1
역시,지구,1
우리나라,테일러,1
전통,헌터,1
전통,테일러,1
전통,케이팝,1
전통,추격,1
결합,곳곳,1
전통,주제곡,1
우리나라,헌터,1
우리나라,케이팝,1
역시,추격,1
우리나라,추격,1
우리나라,지구,1
우리나라,주제곡,1
우리나라,전통,1
역시,헌터,1
역시,테일러,1
역시,케이팝,1
스위프트,헌터,1
스위프트,테일러,1
스위프트,케이팝,1
린지,역시,1
린지,테일러,1
린지,케이팝,1
린지,추격,1
린지,지구,1
린지,주제곡,1
린지,전통,1
린지,우리나라,1
린지,애니메이션,1
무속,스위프트,1
린지,스케,1
린지,스위프트,1
린지,무속,1
데헌,테일러,1
데헌,추격,1
데헌,지구,1
데헌,주제곡,1
린지,헌터,1
무속,스케,1
스위프트,추격,1
무속,헌터,1
스위프트,지구,1
스위프트,주제곡,1
스위프트,전통,1
스위프트,우리나라,1
스위프트,역시,1
스위프트,애니메이션,1
스위프트,스케,1
무속,테일러,1
무속,애니메이션,1
무속,케이팝,1
무속,추격,1
무속,지구,1
무속,주제곡,1
무속,전통,1
무속,우리나라,1
무속,역시,1
이하,케데헌는,1
